language,size,numeric_type,repetition,time_ms,memory_mb
Python,10,float64,1,0.04278929999782122,0.00390625
Python,10,float64,2,0.0427019000017026,0.0
Python,10,float64,3,0.04201749999992899,0.0
Python,10,float64,4,0.04180930000075023,0.0
Python,10,float64,5,0.04167479999887291,0.0
Python,50,float64,1,4.201614999983576,0.0
Python,50,float64,2,4.160486000000674,0.0
Python,50,float64,3,4.104736000008415,0.0
Python,50,float64,4,4.289826999993238,0.0
Python,50,float64,5,4.167912000011711,0.0
Python,100,float64,1,32.25349999993341,0.0
Python,100,float64,2,32.350380000207224,0.0
Python,100,float64,3,33.4372399996937,0.0
Python,100,float64,4,32.549590000053286,0.0
Python,100,float64,5,32.45128000016848,0.0
Python,200,float64,1,277.0617999995011,0.0
Python,200,float64,2,290.9464000003936,0.0
Python,200,float64,3,283.08429999742657,0.0
Python,200,float64,4,286.7012999995495,0.0
Python,200,float64,5,294.3639000004623,0.0
Python,400,float64,1,2410.9755999998015,0.0
Python,400,float64,2,2464.02190000299,0.0
Python,400,float64,3,2444.5224000010057,0.0
Python,400,float64,4,2593.467500002589,0.0
Python,400,float64,5,2926.480199999787,0.0
Python,800,float64,1,25340.927499997633,0.0
Python,800,float64,2,24576.440400000138,0.0
Python,800,float64,3,25253.459100000327,0
Python,800,float64,4,23882.84610000119,0.0
Python,800,float64,5,26096.508700000413,0.0
Python,1000,float64,1,67767.96739999918,0.125
Python,1000,float64,2,63094.17770000073,0.0
Python,1500,float64,1,235008.62150000103,0
Python,1500,float64,2,234706.96609999868,0.0
