language,size,repetitions,time_median_ms,time_iqr_ms
C,10,5,0.0,0.0
C,50,5,0.03,0.0
C,100,5,0.27,0.0
C,200,5,2.44,0.6800000000000002
C,400,5,23.99,0.5
C,800,5,290.78,9.120000000000005
C,1000,2,468.075,9.625
C,1500,2,1744.8249999999998,49.28500000000008
C,2000,2,13297.775000000001,442.1750000000011
C,3000,2,94137.16500000001,121.57499999999709
C,4000,2,293472.82,282.0
Java,10,5,0.0,0.0
Java,50,5,0.06,0.009999999999999995
Java,100,5,0.48,0.030000000000000027
Java,200,5,4.29,0.5699999999999998
Java,400,5,46.94,0.15000000000000568
Java,800,5,422.75,10.680000000000007
Java,1000,2,896.3399999999999,37.44999999999993
Java,1500,2,14301.775000000001,75.4950000000008
Java,2000,2,74941.565,26293.324999999997
Python,10,5,0.0420174999999289,0.0008926000009523982
Python,50,5,4.167912000011711,0.041128999982902315
Python,100,5,32.45128000016848,0.1992099998460617
Python,200,5,286.7012999995495,7.862100002967054
Python,400,5,2464.02190000299,148.94510000158334
Python,800,5,25253.459100000327,764.4870999974992
Python,1000,2,65431.07254999995,2336.8948499992257
Python,1500,2,234857.79379999987,150.82770000115852
